TouchMeNot,SheilaO'Malley,(2019)
BuffaloBoys,SimonAbrams,(2019)
AshesintheSnow,GlennKenny,(2019)
Sgt.WillGardner,NellMinow,(2019)
PerfectStrangers,MonicaCastillo,(2019)
TheAspernPapers,GlennKenny,(2019)
Rockaway,NickAllen,(2019)
Replicas,BrianTallerico,(2019)
EscapeRoom,SimonAbrams,(2019)
Communion,SheilaO'Malley,(2019)
RustCreek,BrianTallerico,(2019)
TheVanishing,NickAllen,(2019)
StateLikeSleep,NellMinow,(2019)
BathtubsOverBroadway,MattFagerholm,(2019)
Genesis2.0,SimonAbrams,(2019)
IntotheDark,BrianTallerico,(2018)
Stan&Ollie,OdieHenderson,(2018)
HolmesandWatson,PeterSobczynski,(2018)
Destroyer,SheilaO'Malley,(2018)
AmericanRenegades,SimonAbrams,(2018)
Vice,BrianTallerico,(2018)
BirdBox,BrianTallerico,(2018)
Bumblebee,SimonAbrams,(2018)
WelcometoMarwen,GlennKenny,(2018)
TouchMeNot,SheilaO'Malley,(2019)
BuffaloBoys,SimonAbrams,(2019)
AshesintheSnow,GlennKenny,(2019)
Sgt.WillGardner,NellMinow,(2019)
PerfectStrangers,MonicaCastillo,(2019)
TheAspernPapers,GlennKenny,(2019)
Rockaway,NickAllen,(2019)
Replicas,BrianTallerico,(2019)
EscapeRoom,SimonAbrams,(2019)
Communion,SheilaO'Malley,(2019)
RustCreek,BrianTallerico,(2019)
TheVanishing,NickAllen,(2019)
StateLikeSleep,NellMinow,(2019)
BathtubsOverBroadway,MattFagerholm,(2019)
Genesis2.0,SimonAbrams,(2019)
IntotheDark:NewYear,BrianTallerico,(2018)
Stan&Ollie,OdieHenderson,(2018)
HolmesandWatson,PeterSobczynski,(2018)
Destroyer,SheilaO'Malley,(2018)
AmericanRenegades,SimonAbrams,(2018)
Vice,BrianTallerico,(2018)
BirdBox,BrianTallerico,(2018)
Bumblebee,SimonAbrams,(2018)
WelcometoMarwen,GlennKenny,(2018)
BackRoads,MonicaCastillo,(2018),
Nona,NickAllen,(2018),
MaryQueenofScots,MonicaCastillo,(2018),
Tyrel,OdieHenderson,(2018),
TheCharmer,GodfreyCheshire,(2018),
WhenJeffTriedtoSaveTheWorld,MattFagerholm,(2018),
ThePossessionofHannahGrace,ChristyLemire,(2018),
HappyasLazzaro,TomrisLaffly,(2018),
2.0,SimonAbrams,(2018),
AnnaandtheApocalypse,MonicaCastillo,(2018),
NeverLookAway,SheilaO'Malley,(2018),
TheMercy,PeterSobczynski,(2018),
ElliottheLittlestReindeer,NellMinow,(2018),
People'sRepublicofDesire,NickAllen,(2018),
BloodBrother,MarkDujsik,(2018),
DriverX,NickAllen,(2018),
Mowgli:LegendoftheJungle,MattZollerSeitz,(2018),
Hillbilly,MattZollerSeitz,(2018),
Shoplifters,BrianTallerico,(2018),
BecomingAstrid,GlennKenny,(2018),
TheGreatBuddha+,SimonAbrams,(2018),
WriteWhenYouGetWork,SheilaO'Malley,(2018),
OfFathersandSons,BrianTallerico,(2018),
Roma,BrianTallerico,(2018),
